id, firstName, lastName, email,
1, John, Doe, john.doe@example.com,
2, Jane, Smith, jane.smith@example.com,
3, Alice, Johnson, alice.johnson@example.com,
4, Bob, Brown, bob.brown@example.com,
5, Charlie, Davis, charlie.davis@example.com,
6, David, Wilson, david.wilson@example.com,
7, Eve, Clark, eve.clark@example.com,
8, Frank, Wright, frank.wright@example.com,
9, Grace, Lopez, grace.lopez@example.com,
10, Hank, Hill, hank.hill@example.com,
11, Ivy, Green, ivy.green@example.com,
12, Jack, White, jack.white@example.com,
